"","ols","ols_cal","viirs","sanui","vanui","tvanui"
"ols",1,0.621825947426716,0.567697901437378,0.79339274749614,0.930565043152619,0.957390220134663
"ols_cal",0.621825947426716,1,0.711886811847787,0.84386888192742,0.678972145200085,0.718631097583143
"viirs",0.567697901437378,0.711886811847787,1,0.759839310329827,0.694072363683898,0.701256586455377
"sanui",0.79339274749614,0.84386888192742,0.759839310329827,1,0.880115492413581,0.886022758216502
"vanui",0.930565043152619,0.678972145200085,0.694072363683898,0.880115492413581,1,0.967693702343453
"tvanui",0.957390220134663,0.718631097583143,0.701256586455377,0.886022758216502,0.967693702343453,1
