"","viirs","ols_cal","var.method"
"viirs",1,0.711886811847787,0.460303510639816
"ols_cal",0.711886811847787,1,0.484130375396579
"var.method",0.460303510639816,0.484130375396579,1
