"","viirs","ols_cal","var.method"
"viirs",1,0.711886811847787,0.574501568921493
"ols_cal",0.711886811847787,1,0.62653639430107
"var.method",0.574501568921493,0.62653639430107,1
