"","ols","ols_cal","viirs","sanui","vanui","tvanui"
"ols",1,0.621825947426716,0.567697901437378,0.79339274749614,0.82674801862635,0.957390220134663
"ols_cal",0.621825947426716,1,0.711886811847787,0.84386888192742,0.738436393680062,0.718631097583143
"viirs",0.567697901437378,0.711886811847787,1,0.759839310329827,0.785129269202599,0.701256586455377
"sanui",0.79339274749614,0.84386888192742,0.759839310329827,1,0.883276115337616,0.886022758216502
"vanui",0.82674801862635,0.738436393680062,0.785129269202599,0.883276115337616,1,0.940443440514772
"tvanui",0.957390220134663,0.718631097583143,0.701256586455377,0.886022758216502,0.940443440514772,1
