"","viirs","ols_cal","PC1"
"viirs",1,0.711886811847787,0.597487126214164
"ols_cal",0.711886811847787,1,0.641173475602073
"PC1",0.597487126214164,0.641173475602073,1
